--
-- PostgreSQL database dump
--

\restrict q27duKMTXcnVvtilNx3lpaRVsFxosncu6Xce9ZYqigsqfhfsCsvnVBHeuJCFRGM

-- Dumped from database version 18.3
-- Dumped by pg_dump version 18.3

SET statement_timeout = 0;
SET lock_timeout = 0;
SET idle_in_transaction_session_timeout = 0;
SET transaction_timeout = 0;
SET client_encoding = 'UTF8';
SET standard_conforming_strings = on;
SELECT pg_catalog.set_config('search_path', '', false);
SET check_function_bodies = false;
SET xmloption = content;
SET client_min_messages = warning;
SET row_security = off;

--
-- Name: checklist_assignments_status_enum; Type: TYPE; Schema: public; Owner: postgres
--

CREATE TYPE public.checklist_assignments_status_enum AS ENUM (
    'pending',
    'completed'
);


ALTER TYPE public.checklist_assignments_status_enum OWNER TO postgres;

--
-- Name: incidents_severity_enum; Type: TYPE; Schema: public; Owner: postgres
--

CREATE TYPE public.incidents_severity_enum AS ENUM (
    'low',
    'moderate',
    'high'
);


ALTER TYPE public.incidents_severity_enum OWNER TO postgres;

--
-- Name: incidents_status_enum; Type: TYPE; Schema: public; Owner: postgres
--

CREATE TYPE public.incidents_status_enum AS ENUM (
    'pending',
    'resolved'
);


ALTER TYPE public.incidents_status_enum OWNER TO postgres;

--
-- Name: lesson_block_type; Type: TYPE; Schema: public; Owner: postgres
--

CREATE TYPE public.lesson_block_type AS ENUM (
    'heading',
    'paragraph',
    'image',
    'pdf',
    'quiz',
    'video'
);


ALTER TYPE public.lesson_block_type OWNER TO postgres;

--
-- Name: products_type_enum; Type: TYPE; Schema: public; Owner: postgres
--

CREATE TYPE public.products_type_enum AS ENUM (
    'digital',
    'physical'
);


ALTER TYPE public.products_type_enum OWNER TO postgres;

SET default_tablespace = '';

SET default_table_access_method = heap;

--
-- Name: activity_logs; Type: TABLE; Schema: public; Owner: postgres
--

CREATE TABLE public.activity_logs (
    id bigint NOT NULL,
    user_id bigint NOT NULL,
    practice_id bigint NOT NULL,
    role_id bigint NOT NULL,
    request_url text NOT NULL,
    response character varying NOT NULL,
    method character varying(10) NOT NULL,
    log_description text NOT NULL,
    logged_at timestamp without time zone NOT NULL,
    created_at timestamp without time zone DEFAULT CURRENT_TIMESTAMP NOT NULL,
    updated_at timestamp without time zone DEFAULT CURRENT_TIMESTAMP NOT NULL
);


ALTER TABLE public.activity_logs OWNER TO postgres;

--
-- Name: activity_logs_id_seq; Type: SEQUENCE; Schema: public; Owner: postgres
--

CREATE SEQUENCE public.activity_logs_id_seq
    START WITH 1
    INCREMENT BY 1
    NO MINVALUE
    NO MAXVALUE
    CACHE 1;


ALTER SEQUENCE public.activity_logs_id_seq OWNER TO postgres;

--
-- Name: activity_logs_id_seq; Type: SEQUENCE OWNED BY; Schema: public; Owner: postgres
--

ALTER SEQUENCE public.activity_logs_id_seq OWNED BY public.activity_logs.id;


--
-- Name: categories; Type: TABLE; Schema: public; Owner: postgres
--

CREATE TABLE public.categories (
    id integer NOT NULL,
    name character varying NOT NULL,
    is_active integer DEFAULT 1 NOT NULL,
    created_at timestamp without time zone DEFAULT CURRENT_TIMESTAMP NOT NULL,
    updated_at timestamp without time zone DEFAULT CURRENT_TIMESTAMP NOT NULL
);


ALTER TABLE public.categories OWNER TO postgres;

--
-- Name: categories_id_seq; Type: SEQUENCE; Schema: public; Owner: postgres
--

CREATE SEQUENCE public.categories_id_seq
    AS integer
    START WITH 1
    INCREMENT BY 1
    NO MINVALUE
    NO MAXVALUE
    CACHE 1;


ALTER SEQUENCE public.categories_id_seq OWNER TO postgres;

--
-- Name: categories_id_seq; Type: SEQUENCE OWNED BY; Schema: public; Owner: postgres
--

ALTER SEQUENCE public.categories_id_seq OWNED BY public.categories.id;


--
-- Name: certificates; Type: TABLE; Schema: public; Owner: postgres
--

CREATE TABLE public.certificates (
    id integer NOT NULL,
    course_id integer NOT NULL,
    name character varying(255),
    variables jsonb,
    status character varying NOT NULL,
    image character varying(255),
    created_at timestamp without time zone DEFAULT CURRENT_TIMESTAMP NOT NULL,
    updated_at timestamp without time zone DEFAULT CURRENT_TIMESTAMP NOT NULL
);


ALTER TABLE public.certificates OWNER TO postgres;

--
-- Name: certificates_allocations; Type: TABLE; Schema: public; Owner: postgres
--

CREATE TABLE public.certificates_allocations (
    id integer NOT NULL,
    certificate_id integer NOT NULL,
    practice_id integer NOT NULL,
    learner_id integer NOT NULL,
    created_at timestamp without time zone DEFAULT CURRENT_TIMESTAMP NOT NULL,
    updated_at timestamp without time zone DEFAULT CURRENT_TIMESTAMP NOT NULL
);


ALTER TABLE public.certificates_allocations OWNER TO postgres;

--
-- Name: certificates_allocations_id_seq; Type: SEQUENCE; Schema: public; Owner: postgres
--

CREATE SEQUENCE public.certificates_allocations_id_seq
    AS integer
    START WITH 1
    INCREMENT BY 1
    NO MINVALUE
    NO MAXVALUE
    CACHE 1;


ALTER SEQUENCE public.certificates_allocations_id_seq OWNER TO postgres;

--
-- Name: certificates_allocations_id_seq; Type: SEQUENCE OWNED BY; Schema: public; Owner: postgres
--

ALTER SEQUENCE public.certificates_allocations_id_seq OWNED BY public.certificates_allocations.id;


--
-- Name: certificates_id_seq; Type: SEQUENCE; Schema: public; Owner: postgres
--

CREATE SEQUENCE public.certificates_id_seq
    AS integer
    START WITH 1
    INCREMENT BY 1
    NO MINVALUE
    NO MAXVALUE
    CACHE 1;


ALTER SEQUENCE public.certificates_id_seq OWNER TO postgres;

--
-- Name: certificates_id_seq; Type: SEQUENCE OWNED BY; Schema: public; Owner: postgres
--

ALTER SEQUENCE public.certificates_id_seq OWNED BY public.certificates.id;


--
-- Name: chatbot_conversations; Type: TABLE; Schema: public; Owner: postgres
--

CREATE TABLE public.chatbot_conversations (
    id integer NOT NULL,
    user_id integer NOT NULL,
    practice_id integer NOT NULL,
    question text NOT NULL,
    answer text NOT NULL,
    is_question_in_context boolean NOT NULL,
    created_at timestamp without time zone DEFAULT CURRENT_TIMESTAMP NOT NULL,
    updated_at timestamp without time zone DEFAULT CURRENT_TIMESTAMP NOT NULL
);


ALTER TABLE public.chatbot_conversations OWNER TO postgres;

--
-- Name: chatbot_conversations_id_seq; Type: SEQUENCE; Schema: public; Owner: postgres
--

CREATE SEQUENCE public.chatbot_conversations_id_seq
    AS integer
    START WITH 1
    INCREMENT BY 1
    NO MINVALUE
    NO MAXVALUE
    CACHE 1;


ALTER SEQUENCE public.chatbot_conversations_id_seq OWNER TO postgres;

--
-- Name: chatbot_conversations_id_seq; Type: SEQUENCE OWNED BY; Schema: public; Owner: postgres
--

ALTER SEQUENCE public.chatbot_conversations_id_seq OWNED BY public.chatbot_conversations.id;


--
-- Name: checklist_assignments; Type: TABLE; Schema: public; Owner: postgres
--

CREATE TABLE public.checklist_assignments (
    id integer NOT NULL,
    task_id integer NOT NULL,
    user_id integer NOT NULL,
    status public.checklist_assignments_status_enum DEFAULT 'pending'::public.checklist_assignments_status_enum NOT NULL,
    completed_at timestamp without time zone,
    created_at timestamp without time zone DEFAULT CURRENT_TIMESTAMP NOT NULL,
    updated_at timestamp without time zone DEFAULT CURRENT_TIMESTAMP NOT NULL
);


ALTER TABLE public.checklist_assignments OWNER TO postgres;

--
-- Name: checklist_assignments_id_seq; Type: SEQUENCE; Schema: public; Owner: postgres
--

CREATE SEQUENCE public.checklist_assignments_id_seq
    AS integer
    START WITH 1
    INCREMENT BY 1
    NO MINVALUE
    NO MAXVALUE
    CACHE 1;


ALTER SEQUENCE public.checklist_assignments_id_seq OWNER TO postgres;

--
-- Name: checklist_assignments_id_seq; Type: SEQUENCE OWNED BY; Schema: public; Owner: postgres
--

ALTER SEQUENCE public.checklist_assignments_id_seq OWNED BY public.checklist_assignments.id;


--
-- Name: checklist_tasks; Type: TABLE; Schema: public; Owner: postgres
--

CREATE TABLE public.checklist_tasks (
    id integer NOT NULL,
    checklist_id integer NOT NULL,
    description text NOT NULL,
    created_at timestamp without time zone DEFAULT CURRENT_TIMESTAMP NOT NULL,
    updated_at timestamp without time zone DEFAULT CURRENT_TIMESTAMP NOT NULL
);


ALTER TABLE public.checklist_tasks OWNER TO postgres;

--
-- Name: checklist_tasks_id_seq; Type: SEQUENCE; Schema: public; Owner: postgres
--

CREATE SEQUENCE public.checklist_tasks_id_seq
    AS integer
    START WITH 1
    INCREMENT BY 1
    NO MINVALUE
    NO MAXVALUE
    CACHE 1;


ALTER SEQUENCE public.checklist_tasks_id_seq OWNER TO postgres;

--
-- Name: checklist_tasks_id_seq; Type: SEQUENCE OWNED BY; Schema: public; Owner: postgres
--

ALTER SEQUENCE public.checklist_tasks_id_seq OWNED BY public.checklist_tasks.id;


--
-- Name: checklists; Type: TABLE; Schema: public; Owner: postgres
--

CREATE TABLE public.checklists (
    id integer NOT NULL,
    practice_id integer NOT NULL,
    name character varying(255) NOT NULL,
    frequency_in_days integer NOT NULL,
    created_at timestamp without time zone DEFAULT CURRENT_TIMESTAMP NOT NULL,
    updated_at timestamp without time zone DEFAULT CURRENT_TIMESTAMP NOT NULL
);


ALTER TABLE public.checklists OWNER TO postgres;

--
-- Name: checklists_id_seq; Type: SEQUENCE; Schema: public; Owner: postgres
--

CREATE SEQUENCE public.checklists_id_seq
    AS integer
    START WITH 1
    INCREMENT BY 1
    NO MINVALUE
    NO MAXVALUE
    CACHE 1;


ALTER SEQUENCE public.checklists_id_seq OWNER TO postgres;

--
-- Name: checklists_id_seq; Type: SEQUENCE OWNED BY; Schema: public; Owner: postgres
--

ALTER SEQUENCE public.checklists_id_seq OWNED BY public.checklists.id;


--
-- Name: context_documents; Type: TABLE; Schema: public; Owner: postgres
--

CREATE TABLE public.context_documents (
    id integer NOT NULL,
    pdf text,
    created_at timestamp without time zone DEFAULT CURRENT_TIMESTAMP NOT NULL,
    updated_at timestamp without time zone DEFAULT CURRENT_TIMESTAMP NOT NULL
);


ALTER TABLE public.context_documents OWNER TO postgres;

--
-- Name: context_documents_id_seq; Type: SEQUENCE; Schema: public; Owner: postgres
--

CREATE SEQUENCE public.context_documents_id_seq
    AS integer
    START WITH 1
    INCREMENT BY 1
    NO MINVALUE
    NO MAXVALUE
    CACHE 1;


ALTER SEQUENCE public.context_documents_id_seq OWNER TO postgres;

--
-- Name: context_documents_id_seq; Type: SEQUENCE OWNED BY; Schema: public; Owner: postgres
--

ALTER SEQUENCE public.context_documents_id_seq OWNED BY public.context_documents.id;


--
-- Name: courses; Type: TABLE; Schema: public; Owner: postgres
--

CREATE TABLE public.courses (
    id integer NOT NULL,
    title character varying(255) NOT NULL,
    listing_image character varying(255),
    pace_logo character varying(255),
    learning_objectives text[],
    description text NOT NULL,
    agd_subject_code character varying(255),
    release_date timestamp without time zone,
    expiry_date timestamp without time zone,
    review_date timestamp without time zone,
    instructor_id integer,
    price integer,
    course_availability character varying(255),
    learning_method character varying(255),
    is_published integer,
    hardware_requirement_title text,
    hardware_requirement_description text,
    created_at timestamp without time zone DEFAULT CURRENT_TIMESTAMP NOT NULL,
    updated_at timestamp without time zone DEFAULT CURRENT_TIMESTAMP NOT NULL
);


ALTER TABLE public.courses OWNER TO postgres;

--
-- Name: courses_id_seq; Type: SEQUENCE; Schema: public; Owner: postgres
--

CREATE SEQUENCE public.courses_id_seq
    AS integer
    START WITH 1
    INCREMENT BY 1
    NO MINVALUE
    NO MAXVALUE
    CACHE 1;


ALTER SEQUENCE public.courses_id_seq OWNER TO postgres;

--
-- Name: courses_id_seq; Type: SEQUENCE OWNED BY; Schema: public; Owner: postgres
--

ALTER SEQUENCE public.courses_id_seq OWNED BY public.courses.id;


--
-- Name: incidents; Type: TABLE; Schema: public; Owner: postgres
--

CREATE TABLE public.incidents (
    id integer NOT NULL,
    practice_id integer NOT NULL,
    description text NOT NULL,
    severity public.incidents_severity_enum NOT NULL,
    status public.incidents_status_enum DEFAULT 'pending'::public.incidents_status_enum NOT NULL,
    reported_by integer NOT NULL,
    occurred_at timestamp without time zone NOT NULL,
    created_at timestamp without time zone DEFAULT CURRENT_TIMESTAMP NOT NULL,
    updated_at timestamp without time zone DEFAULT CURRENT_TIMESTAMP NOT NULL
);


ALTER TABLE public.incidents OWNER TO postgres;

--
-- Name: incidents_id_seq; Type: SEQUENCE; Schema: public; Owner: postgres
--

CREATE SEQUENCE public.incidents_id_seq
    AS integer
    START WITH 1
    INCREMENT BY 1
    NO MINVALUE
    NO MAXVALUE
    CACHE 1;


ALTER SEQUENCE public.incidents_id_seq OWNER TO postgres;

--
-- Name: incidents_id_seq; Type: SEQUENCE OWNED BY; Schema: public; Owner: postgres
--

ALTER SEQUENCE public.incidents_id_seq OWNED BY public.incidents.id;


--
-- Name: inspections; Type: TABLE; Schema: public; Owner: postgres
--

CREATE TABLE public.inspections (
    id integer NOT NULL,
    machine_id integer NOT NULL,
    tenure_start_date date NOT NULL,
    tenure_end_date date NOT NULL,
    locked_at timestamp without time zone NOT NULL,
    report text NOT NULL,
    created_at timestamp without time zone DEFAULT CURRENT_TIMESTAMP NOT NULL,
    updated_at timestamp without time zone DEFAULT CURRENT_TIMESTAMP NOT NULL
);


ALTER TABLE public.inspections OWNER TO postgres;

--
-- Name: inspections_id_seq; Type: SEQUENCE; Schema: public; Owner: postgres
--

CREATE SEQUENCE public.inspections_id_seq
    AS integer
    START WITH 1
    INCREMENT BY 1
    NO MINVALUE
    NO MAXVALUE
    CACHE 1;


ALTER SEQUENCE public.inspections_id_seq OWNER TO postgres;

--
-- Name: inspections_id_seq; Type: SEQUENCE OWNED BY; Schema: public; Owner: postgres
--

ALTER SEQUENCE public.inspections_id_seq OWNED BY public.inspections.id;


--
-- Name: instructors; Type: TABLE; Schema: public; Owner: postgres
--

CREATE TABLE public.instructors (
    id integer NOT NULL,
    name character varying(255) NOT NULL,
    description text NOT NULL,
    image character varying(255),
    created_at timestamp without time zone DEFAULT CURRENT_TIMESTAMP NOT NULL,
    updated_at timestamp without time zone DEFAULT CURRENT_TIMESTAMP NOT NULL
);


ALTER TABLE public.instructors OWNER TO postgres;

--
-- Name: instructors_id_seq; Type: SEQUENCE; Schema: public; Owner: postgres
--

CREATE SEQUENCE public.instructors_id_seq
    AS integer
    START WITH 1
    INCREMENT BY 1
    NO MINVALUE
    NO MAXVALUE
    CACHE 1;


ALTER SEQUENCE public.instructors_id_seq OWNER TO postgres;

--
-- Name: instructors_id_seq; Type: SEQUENCE OWNED BY; Schema: public; Owner: postgres
--

ALTER SEQUENCE public.instructors_id_seq OWNED BY public.instructors.id;


--
-- Name: learner_block_progress; Type: TABLE; Schema: public; Owner: postgres
--

CREATE TABLE public.learner_block_progress (
    id integer NOT NULL,
    practice_id bigint NOT NULL,
    learner_id integer NOT NULL,
    block_id integer NOT NULL,
    current_watched_duration integer DEFAULT 0,
    max_watched_duration integer DEFAULT 0,
    current_pdf_page integer DEFAULT 0,
    max_pdf_page integer DEFAULT 0,
    created_at timestamp without time zone DEFAULT CURRENT_TIMESTAMP NOT NULL,
    updated_at timestamp without time zone DEFAULT CURRENT_TIMESTAMP NOT NULL
);


ALTER TABLE public.learner_block_progress OWNER TO postgres;

--
-- Name: learner_block_progress_id_seq; Type: SEQUENCE; Schema: public; Owner: postgres
--

CREATE SEQUENCE public.learner_block_progress_id_seq
    AS integer
    START WITH 1
    INCREMENT BY 1
    NO MINVALUE
    NO MAXVALUE
    CACHE 1;


ALTER SEQUENCE public.learner_block_progress_id_seq OWNER TO postgres;

--
-- Name: learner_block_progress_id_seq; Type: SEQUENCE OWNED BY; Schema: public; Owner: postgres
--

ALTER SEQUENCE public.learner_block_progress_id_seq OWNED BY public.learner_block_progress.id;


--
-- Name: learners_enrollment; Type: TABLE; Schema: public; Owner: postgres
--

CREATE TABLE public.learners_enrollment (
    id integer NOT NULL,
    practice_id integer NOT NULL,
    learner_id integer NOT NULL,
    course_id integer NOT NULL,
    is_revoked boolean DEFAULT false NOT NULL,
    enrolled_at timestamp without time zone DEFAULT now() NOT NULL,
    completed_at date,
    expires_at date,
    created_at timestamp without time zone DEFAULT now() NOT NULL,
    updated_at timestamp without time zone DEFAULT now() NOT NULL
);


ALTER TABLE public.learners_enrollment OWNER TO postgres;

--
-- Name: learners_enrollment_id_seq; Type: SEQUENCE; Schema: public; Owner: postgres
--

CREATE SEQUENCE public.learners_enrollment_id_seq
    AS integer
    START WITH 1
    INCREMENT BY 1
    NO MINVALUE
    NO MAXVALUE
    CACHE 1;


ALTER SEQUENCE public.learners_enrollment_id_seq OWNER TO postgres;

--
-- Name: learners_enrollment_id_seq; Type: SEQUENCE OWNED BY; Schema: public; Owner: postgres
--

ALTER SEQUENCE public.learners_enrollment_id_seq OWNED BY public.learners_enrollment.id;


--
-- Name: learners_timeline; Type: TABLE; Schema: public; Owner: postgres
--

CREATE TABLE public.learners_timeline (
    id integer NOT NULL,
    learner_id integer NOT NULL,
    practice_id integer NOT NULL,
    event_type character varying NOT NULL,
    description text NOT NULL,
    created_by integer,
    created_at timestamp without time zone DEFAULT now() NOT NULL,
    updated_at timestamp without time zone DEFAULT now() NOT NULL
);


ALTER TABLE public.learners_timeline OWNER TO postgres;

--
-- Name: learners_timeline_id_seq; Type: SEQUENCE; Schema: public; Owner: postgres
--

CREATE SEQUENCE public.learners_timeline_id_seq
    AS integer
    START WITH 1
    INCREMENT BY 1
    NO MINVALUE
    NO MAXVALUE
    CACHE 1;


ALTER SEQUENCE public.learners_timeline_id_seq OWNER TO postgres;

--
-- Name: learners_timeline_id_seq; Type: SEQUENCE OWNED BY; Schema: public; Owner: postgres
--

ALTER SEQUENCE public.learners_timeline_id_seq OWNED BY public.learners_timeline.id;


--
-- Name: lesson_blocks; Type: TABLE; Schema: public; Owner: postgres
--

CREATE TABLE public.lesson_blocks (
    id integer NOT NULL,
    lesson_id integer NOT NULL,
    type public.lesson_block_type NOT NULL,
    order_index integer NOT NULL,
    content json NOT NULL,
    created_at timestamp without time zone DEFAULT CURRENT_TIMESTAMP NOT NULL,
    updated_at timestamp without time zone DEFAULT CURRENT_TIMESTAMP NOT NULL
);


ALTER TABLE public.lesson_blocks OWNER TO postgres;

--
-- Name: lesson_blocks_id_seq; Type: SEQUENCE; Schema: public; Owner: postgres
--

CREATE SEQUENCE public.lesson_blocks_id_seq
    AS integer
    START WITH 1
    INCREMENT BY 1
    NO MINVALUE
    NO MAXVALUE
    CACHE 1;


ALTER SEQUENCE public.lesson_blocks_id_seq OWNER TO postgres;

--
-- Name: lesson_blocks_id_seq; Type: SEQUENCE OWNED BY; Schema: public; Owner: postgres
--

ALTER SEQUENCE public.lesson_blocks_id_seq OWNED BY public.lesson_blocks.id;


--
-- Name: lessons; Type: TABLE; Schema: public; Owner: postgres
--

CREATE TABLE public.lessons (
    id integer NOT NULL,
    course_id integer NOT NULL,
    title character varying(255) NOT NULL,
    description text,
    order_index integer NOT NULL,
    duration_in_minutes integer,
    created_at timestamp without time zone DEFAULT CURRENT_TIMESTAMP NOT NULL,
    updated_at timestamp without time zone DEFAULT CURRENT_TIMESTAMP NOT NULL
);


ALTER TABLE public.lessons OWNER TO postgres;

--
-- Name: lessons_id_seq; Type: SEQUENCE; Schema: public; Owner: postgres
--

CREATE SEQUENCE public.lessons_id_seq
    AS integer
    START WITH 1
    INCREMENT BY 1
    NO MINVALUE
    NO MAXVALUE
    CACHE 1;


ALTER SEQUENCE public.lessons_id_seq OWNER TO postgres;

--
-- Name: lessons_id_seq; Type: SEQUENCE OWNED BY; Schema: public; Owner: postgres
--

ALTER SEQUENCE public.lessons_id_seq OWNED BY public.lessons.id;


--
-- Name: migrations; Type: TABLE; Schema: public; Owner: postgres
--

CREATE TABLE public.migrations (
    id integer NOT NULL,
    "timestamp" bigint NOT NULL,
    name character varying NOT NULL
);


ALTER TABLE public.migrations OWNER TO postgres;

--
-- Name: migrations_id_seq; Type: SEQUENCE; Schema: public; Owner: postgres
--

CREATE SEQUENCE public.migrations_id_seq
    AS integer
    START WITH 1
    INCREMENT BY 1
    NO MINVALUE
    NO MAXVALUE
    CACHE 1;


ALTER SEQUENCE public.migrations_id_seq OWNER TO postgres;

--
-- Name: migrations_id_seq; Type: SEQUENCE OWNED BY; Schema: public; Owner: postgres
--

ALTER SEQUENCE public.migrations_id_seq OWNED BY public.migrations.id;


--
-- Name: modules; Type: TABLE; Schema: public; Owner: postgres
--

CREATE TABLE public.modules (
    id integer NOT NULL,
    name character varying(255) NOT NULL,
    created_at timestamp without time zone DEFAULT CURRENT_TIMESTAMP NOT NULL,
    updated_at timestamp without time zone DEFAULT CURRENT_TIMESTAMP NOT NULL
);


ALTER TABLE public.modules OWNER TO postgres;

--
-- Name: modules_id_seq; Type: SEQUENCE; Schema: public; Owner: postgres
--

CREATE SEQUENCE public.modules_id_seq
    AS integer
    START WITH 1
    INCREMENT BY 1
    NO MINVALUE
    NO MAXVALUE
    CACHE 1;


ALTER SEQUENCE public.modules_id_seq OWNER TO postgres;

--
-- Name: modules_id_seq; Type: SEQUENCE OWNED BY; Schema: public; Owner: postgres
--

ALTER SEQUENCE public.modules_id_seq OWNED BY public.modules.id;


--
-- Name: permissions; Type: TABLE; Schema: public; Owner: postgres
--

CREATE TABLE public.permissions (
    id integer NOT NULL,
    title character varying(100) NOT NULL,
    description text,
    module_id integer,
    admin_only integer DEFAULT 1 NOT NULL,
    name character varying(100) NOT NULL,
    created_at timestamp without time zone DEFAULT CURRENT_TIMESTAMP NOT NULL,
    updated_at timestamp without time zone DEFAULT CURRENT_TIMESTAMP NOT NULL
);


ALTER TABLE public.permissions OWNER TO postgres;

--
-- Name: permissions_id_seq; Type: SEQUENCE; Schema: public; Owner: postgres
--

CREATE SEQUENCE public.permissions_id_seq
    AS integer
    START WITH 1
    INCREMENT BY 1
    NO MINVALUE
    NO MAXVALUE
    CACHE 1;


ALTER SEQUENCE public.permissions_id_seq OWNER TO postgres;

--
-- Name: permissions_id_seq; Type: SEQUENCE OWNED BY; Schema: public; Owner: postgres
--

ALTER SEQUENCE public.permissions_id_seq OWNED BY public.permissions.id;


--
-- Name: practices; Type: TABLE; Schema: public; Owner: postgres
--

CREATE TABLE public.practices (
    id integer NOT NULL,
    abbreviated_name character varying,
    legal_name character varying NOT NULL,
    primary_email character varying,
    phone_no character varying,
    city character varying,
    state character varying,
    postal_code character varying,
    country character varying,
    start_date date,
    xray_registration_certificate_due_date date,
    xray_registration_certificate_no character varying,
    laser_registration_certificate_due_date date,
    laser_registration_certificate_no character varying,
    timezone character varying,
    addresses jsonb,
    additional_emails jsonb,
    websites jsonb,
    domain_name character varying,
    logo character varying,
    color_theme jsonb,
    created_at timestamp without time zone DEFAULT CURRENT_TIMESTAMP,
    updated_at timestamp without time zone DEFAULT CURRENT_TIMESTAMP
);


ALTER TABLE public.practices OWNER TO postgres;

--
-- Name: practices_id_seq; Type: SEQUENCE; Schema: public; Owner: postgres
--

CREATE SEQUENCE public.practices_id_seq
    AS integer
    START WITH 1
    INCREMENT BY 1
    NO MINVALUE
    NO MAXVALUE
    CACHE 1;


ALTER SEQUENCE public.practices_id_seq OWNER TO postgres;

--
-- Name: practices_id_seq; Type: SEQUENCE OWNED BY; Schema: public; Owner: postgres
--

ALTER SEQUENCE public.practices_id_seq OWNED BY public.practices.id;


--
-- Name: practices_purchased_courses; Type: TABLE; Schema: public; Owner: postgres
--

CREATE TABLE public.practices_purchased_courses (
    id integer NOT NULL,
    course_id integer NOT NULL,
    practice_id integer NOT NULL,
    seats integer NOT NULL,
    purchased_at timestamp without time zone DEFAULT CURRENT_TIMESTAMP NOT NULL,
    created_at timestamp without time zone DEFAULT CURRENT_TIMESTAMP NOT NULL,
    updated_at timestamp without time zone DEFAULT CURRENT_TIMESTAMP NOT NULL
);


ALTER TABLE public.practices_purchased_courses OWNER TO postgres;

--
-- Name: practices_purchased_courses_id_seq; Type: SEQUENCE; Schema: public; Owner: postgres
--

CREATE SEQUENCE public.practices_purchased_courses_id_seq
    AS integer
    START WITH 1
    INCREMENT BY 1
    NO MINVALUE
    NO MAXVALUE
    CACHE 1;


ALTER SEQUENCE public.practices_purchased_courses_id_seq OWNER TO postgres;

--
-- Name: practices_purchased_courses_id_seq; Type: SEQUENCE OWNED BY; Schema: public; Owner: postgres
--

ALTER SEQUENCE public.practices_purchased_courses_id_seq OWNED BY public.practices_purchased_courses.id;


--
-- Name: products; Type: TABLE; Schema: public; Owner: postgres
--

CREATE TABLE public.products (
    id integer NOT NULL,
    category_id integer NOT NULL,
    name character varying NOT NULL,
    banner_image character varying,
    type public.products_type_enum NOT NULL,
    description text,
    old_price numeric(12,2),
    price numeric(12,2),
    is_on_sale integer DEFAULT 0 NOT NULL,
    sale_discount_percentage numeric(5,2),
    min_order_qty integer,
    max_order_qty integer,
    large_description text,
    is_active integer DEFAULT 1 NOT NULL,
    created_at timestamp without time zone DEFAULT CURRENT_TIMESTAMP NOT NULL,
    updated_at timestamp without time zone DEFAULT CURRENT_TIMESTAMP NOT NULL
);


ALTER TABLE public.products OWNER TO postgres;

--
-- Name: products_id_seq; Type: SEQUENCE; Schema: public; Owner: postgres
--

CREATE SEQUENCE public.products_id_seq
    AS integer
    START WITH 1
    INCREMENT BY 1
    NO MINVALUE
    NO MAXVALUE
    CACHE 1;


ALTER SEQUENCE public.products_id_seq OWNER TO postgres;

--
-- Name: products_id_seq; Type: SEQUENCE OWNED BY; Schema: public; Owner: postgres
--

ALTER SEQUENCE public.products_id_seq OWNED BY public.products.id;


--
-- Name: quiz_submissions; Type: TABLE; Schema: public; Owner: postgres
--

CREATE TABLE public.quiz_submissions (
    id bigint NOT NULL,
    quiz_id bigint NOT NULL,
    practice_id bigint NOT NULL,
    learner_id bigint NOT NULL,
    correct_ans integer NOT NULL,
    total_questions integer NOT NULL,
    status character varying NOT NULL,
    submitted_at timestamp without time zone DEFAULT CURRENT_TIMESTAMP NOT NULL,
    created_at timestamp without time zone DEFAULT CURRENT_TIMESTAMP NOT NULL,
    updated_at timestamp without time zone DEFAULT CURRENT_TIMESTAMP NOT NULL
);


ALTER TABLE public.quiz_submissions OWNER TO postgres;

--
-- Name: quiz_submissions_id_seq; Type: SEQUENCE; Schema: public; Owner: postgres
--

CREATE SEQUENCE public.quiz_submissions_id_seq
    START WITH 1
    INCREMENT BY 1
    NO MINVALUE
    NO MAXVALUE
    CACHE 1;


ALTER SEQUENCE public.quiz_submissions_id_seq OWNER TO postgres;

--
-- Name: quiz_submissions_id_seq; Type: SEQUENCE OWNED BY; Schema: public; Owner: postgres
--

ALTER SEQUENCE public.quiz_submissions_id_seq OWNED BY public.quiz_submissions.id;


--
-- Name: quizzes; Type: TABLE; Schema: public; Owner: postgres
--

CREATE TABLE public.quizzes (
    id integer NOT NULL,
    course_id integer NOT NULL,
    name character varying NOT NULL,
    duration_in_minutes integer,
    passing_percentage integer NOT NULL,
    order_index integer NOT NULL,
    questions jsonb NOT NULL,
    created_at timestamp without time zone DEFAULT CURRENT_TIMESTAMP NOT NULL,
    updated_at timestamp without time zone DEFAULT CURRENT_TIMESTAMP NOT NULL
);


ALTER TABLE public.quizzes OWNER TO postgres;

--
-- Name: quizzes_id_seq; Type: SEQUENCE; Schema: public; Owner: postgres
--

CREATE SEQUENCE public.quizzes_id_seq
    AS integer
    START WITH 1
    INCREMENT BY 1
    NO MINVALUE
    NO MAXVALUE
    CACHE 1;


ALTER SEQUENCE public.quizzes_id_seq OWNER TO postgres;

--
-- Name: quizzes_id_seq; Type: SEQUENCE OWNED BY; Schema: public; Owner: postgres
--

ALTER SEQUENCE public.quizzes_id_seq OWNED BY public.quizzes.id;


--
-- Name: role_permissions; Type: TABLE; Schema: public; Owner: postgres
--

CREATE TABLE public.role_permissions (
    role_id integer NOT NULL,
    permission_id integer NOT NULL
);


ALTER TABLE public.role_permissions OWNER TO postgres;

--
-- Name: role_user; Type: TABLE; Schema: public; Owner: postgres
--

CREATE TABLE public.role_user (
    user_id integer NOT NULL,
    role_id integer NOT NULL,
    practice_id integer NOT NULL
);


ALTER TABLE public.role_user OWNER TO postgres;

--
-- Name: roles; Type: TABLE; Schema: public; Owner: postgres
--

CREATE TABLE public.roles (
    id integer NOT NULL,
    name character varying(255) NOT NULL,
    created_at timestamp without time zone DEFAULT CURRENT_TIMESTAMP NOT NULL,
    updated_at timestamp without time zone DEFAULT CURRENT_TIMESTAMP NOT NULL,
    created_by_practice_id integer,
    description text
);


ALTER TABLE public.roles OWNER TO postgres;

--
-- Name: roles_id_seq; Type: SEQUENCE; Schema: public; Owner: postgres
--

CREATE SEQUENCE public.roles_id_seq
    AS integer
    START WITH 1
    INCREMENT BY 1
    NO MINVALUE
    NO MAXVALUE
    CACHE 1;


ALTER SEQUENCE public.roles_id_seq OWNER TO postgres;

--
-- Name: roles_id_seq; Type: SEQUENCE OWNED BY; Schema: public; Owner: postgres
--

ALTER SEQUENCE public.roles_id_seq OWNED BY public.roles.id;


--
-- Name: users; Type: TABLE; Schema: public; Owner: postgres
--

CREATE TABLE public.users (
    id integer NOT NULL,
    first_name character varying NOT NULL,
    last_name character varying NOT NULL,
    full_name character varying,
    email character varying NOT NULL,
    password character varying NOT NULL,
    fcm_token character varying,
    phone_no character varying,
    created_at timestamp without time zone DEFAULT CURRENT_TIMESTAMP NOT NULL,
    updated_at timestamp without time zone DEFAULT CURRENT_TIMESTAMP NOT NULL
);


ALTER TABLE public.users OWNER TO postgres;

--
-- Name: users_id_seq; Type: SEQUENCE; Schema: public; Owner: postgres
--

CREATE SEQUENCE public.users_id_seq
    AS integer
    START WITH 1
    INCREMENT BY 1
    NO MINVALUE
    NO MAXVALUE
    CACHE 1;


ALTER SEQUENCE public.users_id_seq OWNER TO postgres;

--
-- Name: users_id_seq; Type: SEQUENCE OWNED BY; Schema: public; Owner: postgres
--

ALTER SEQUENCE public.users_id_seq OWNED BY public.users.id;


--
-- Name: x_ray_machines; Type: TABLE; Schema: public; Owner: postgres
--

CREATE TABLE public.x_ray_machines (
    id integer NOT NULL,
    created_at timestamp with time zone DEFAULT CURRENT_TIMESTAMP NOT NULL,
    updated_at timestamp with time zone DEFAULT CURRENT_TIMESTAMP NOT NULL,
    practice_id integer NOT NULL,
    name text NOT NULL,
    make text,
    model text,
    serial_number text,
    cbct boolean NOT NULL,
    field text,
    last_epe_date date NOT NULL,
    next_epe_due date,
    notes text
);


ALTER TABLE public.x_ray_machines OWNER TO postgres;

--
-- Name: x_ray_machines_id_seq; Type: SEQUENCE; Schema: public; Owner: postgres
--

CREATE SEQUENCE public.x_ray_machines_id_seq
    AS integer
    START WITH 1
    INCREMENT BY 1
    NO MINVALUE
    NO MAXVALUE
    CACHE 1;


ALTER SEQUENCE public.x_ray_machines_id_seq OWNER TO postgres;

--
-- Name: x_ray_machines_id_seq; Type: SEQUENCE OWNED BY; Schema: public; Owner: postgres
--

ALTER SEQUENCE public.x_ray_machines_id_seq OWNED BY public.x_ray_machines.id;


--
-- Name: activity_logs id; Type: DEFAULT; Schema: public; Owner: postgres
--

ALTER TABLE ONLY public.activity_logs ALTER COLUMN id SET DEFAULT nextval('public.activity_logs_id_seq'::regclass);


--
-- Name: categories id; Type: DEFAULT; Schema: public; Owner: postgres
--

ALTER TABLE ONLY public.categories ALTER COLUMN id SET DEFAULT nextval('public.categories_id_seq'::regclass);


--
-- Name: certificates id; Type: DEFAULT; Schema: public; Owner: postgres
--

ALTER TABLE ONLY public.certificates ALTER COLUMN id SET DEFAULT nextval('public.certificates_id_seq'::regclass);


--
-- Name: certificates_allocations id; Type: DEFAULT; Schema: public; Owner: postgres
--

ALTER TABLE ONLY public.certificates_allocations ALTER COLUMN id SET DEFAULT nextval('public.certificates_allocations_id_seq'::regclass);


--
-- Name: chatbot_conversations id; Type: DEFAULT; Schema: public; Owner: postgres
--

ALTER TABLE ONLY public.chatbot_conversations ALTER COLUMN id SET DEFAULT nextval('public.chatbot_conversations_id_seq'::regclass);


--
-- Name: checklist_assignments id; Type: DEFAULT; Schema: public; Owner: postgres
--

ALTER TABLE ONLY public.checklist_assignments ALTER COLUMN id SET DEFAULT nextval('public.checklist_assignments_id_seq'::regclass);


--
-- Name: checklist_tasks id; Type: DEFAULT; Schema: public; Owner: postgres
--

ALTER TABLE ONLY public.checklist_tasks ALTER COLUMN id SET DEFAULT nextval('public.checklist_tasks_id_seq'::regclass);


--
-- Name: checklists id; Type: DEFAULT; Schema: public; Owner: postgres
--

ALTER TABLE ONLY public.checklists ALTER COLUMN id SET DEFAULT nextval('public.checklists_id_seq'::regclass);


--
-- Name: context_documents id; Type: DEFAULT; Schema: public; Owner: postgres
--

ALTER TABLE ONLY public.context_documents ALTER COLUMN id SET DEFAULT nextval('public.context_documents_id_seq'::regclass);


--
-- Name: courses id; Type: DEFAULT; Schema: public; Owner: postgres
--

ALTER TABLE ONLY public.courses ALTER COLUMN id SET DEFAULT nextval('public.courses_id_seq'::regclass);


--
-- Name: incidents id; Type: DEFAULT; Schema: public; Owner: postgres
--

ALTER TABLE ONLY public.incidents ALTER COLUMN id SET DEFAULT nextval('public.incidents_id_seq'::regclass);


--
-- Name: inspections id; Type: DEFAULT; Schema: public; Owner: postgres
--

ALTER TABLE ONLY public.inspections ALTER COLUMN id SET DEFAULT nextval('public.inspections_id_seq'::regclass);


--
-- Name: instructors id; Type: DEFAULT; Schema: public; Owner: postgres
--

ALTER TABLE ONLY public.instructors ALTER COLUMN id SET DEFAULT nextval('public.instructors_id_seq'::regclass);


--
-- Name: learner_block_progress id; Type: DEFAULT; Schema: public; Owner: postgres
--

ALTER TABLE ONLY public.learner_block_progress ALTER COLUMN id SET DEFAULT nextval('public.learner_block_progress_id_seq'::regclass);


--
-- Name: learners_enrollment id; Type: DEFAULT; Schema: public; Owner: postgres
--

ALTER TABLE ONLY public.learners_enrollment ALTER COLUMN id SET DEFAULT nextval('public.learners_enrollment_id_seq'::regclass);


--
-- Name: learners_timeline id; Type: DEFAULT; Schema: public; Owner: postgres
--

ALTER TABLE ONLY public.learners_timeline ALTER COLUMN id SET DEFAULT nextval('public.learners_timeline_id_seq'::regclass);


--
-- Name: lesson_blocks id; Type: DEFAULT; Schema: public; Owner: postgres
--

ALTER TABLE ONLY public.lesson_blocks ALTER COLUMN id SET DEFAULT nextval('public.lesson_blocks_id_seq'::regclass);


--
-- Name: lessons id; Type: DEFAULT; Schema: public; Owner: postgres
--

ALTER TABLE ONLY public.lessons ALTER COLUMN id SET DEFAULT nextval('public.lessons_id_seq'::regclass);


--
-- Name: migrations id; Type: DEFAULT; Schema: public; Owner: postgres
--

ALTER TABLE ONLY public.migrations ALTER COLUMN id SET DEFAULT nextval('public.migrations_id_seq'::regclass);


--
-- Name: modules id; Type: DEFAULT; Schema: public; Owner: postgres
--

ALTER TABLE ONLY public.modules ALTER COLUMN id SET DEFAULT nextval('public.modules_id_seq'::regclass);


--
-- Name: permissions id; Type: DEFAULT; Schema: public; Owner: postgres
--

ALTER TABLE ONLY public.permissions ALTER COLUMN id SET DEFAULT nextval('public.permissions_id_seq'::regclass);


--
-- Name: practices id; Type: DEFAULT; Schema: public; Owner: postgres
--

ALTER TABLE ONLY public.practices ALTER COLUMN id SET DEFAULT nextval('public.practices_id_seq'::regclass);


--
-- Name: practices_purchased_courses id; Type: DEFAULT; Schema: public; Owner: postgres
--

ALTER TABLE ONLY public.practices_purchased_courses ALTER COLUMN id SET DEFAULT nextval('public.practices_purchased_courses_id_seq'::regclass);


--
-- Name: products id; Type: DEFAULT; Schema: public; Owner: postgres
--

ALTER TABLE ONLY public.products ALTER COLUMN id SET DEFAULT nextval('public.products_id_seq'::regclass);


--
-- Name: quiz_submissions id; Type: DEFAULT; Schema: public; Owner: postgres
--

ALTER TABLE ONLY public.quiz_submissions ALTER COLUMN id SET DEFAULT nextval('public.quiz_submissions_id_seq'::regclass);


--
-- Name: quizzes id; Type: DEFAULT; Schema: public; Owner: postgres
--

ALTER TABLE ONLY public.quizzes ALTER COLUMN id SET DEFAULT nextval('public.quizzes_id_seq'::regclass);


--
-- Name: roles id; Type: DEFAULT; Schema: public; Owner: postgres
--

ALTER TABLE ONLY public.roles ALTER COLUMN id SET DEFAULT nextval('public.roles_id_seq'::regclass);


--
-- Name: users id; Type: DEFAULT; Schema: public; Owner: postgres
--

ALTER TABLE ONLY public.users ALTER COLUMN id SET DEFAULT nextval('public.users_id_seq'::regclass);


--
-- Name: x_ray_machines id; Type: DEFAULT; Schema: public; Owner: postgres
--

ALTER TABLE ONLY public.x_ray_machines ALTER COLUMN id SET DEFAULT nextval('public.x_ray_machines_id_seq'::regclass);


--
-- Data for Name: activity_logs; Type: TABLE DATA; Schema: public; Owner: postgres
--

COPY public.activity_logs (id, user_id, practice_id, role_id, request_url, response, method, log_description, logged_at, created_at, updated_at) FROM stdin;
\.


--
-- Data for Name: categories; Type: TABLE DATA; Schema: public; Owner: postgres
--

COPY public.categories (id, name, is_active, created_at, updated_at) FROM stdin;
\.


--
-- Data for Name: certificates; Type: TABLE DATA; Schema: public; Owner: postgres
--

COPY public.certificates (id, course_id, name, variables, status, image, created_at, updated_at) FROM stdin;
\.


--
-- Data for Name: certificates_allocations; Type: TABLE DATA; Schema: public; Owner: postgres
--

COPY public.certificates_allocations (id, certificate_id, practice_id, learner_id, created_at, updated_at) FROM stdin;
\.


--
-- Data for Name: chatbot_conversations; Type: TABLE DATA; Schema: public; Owner: postgres
--

COPY public.chatbot_conversations (id, user_id, practice_id, question, answer, is_question_in_context, created_at, updated_at) FROM stdin;
\.


--
-- Data for Name: checklist_assignments; Type: TABLE DATA; Schema: public; Owner: postgres
--

COPY public.checklist_assignments (id, task_id, user_id, status, completed_at, created_at, updated_at) FROM stdin;
\.


--
-- Data for Name: checklist_tasks; Type: TABLE DATA; Schema: public; Owner: postgres
--

COPY public.checklist_tasks (id, checklist_id, description, created_at, updated_at) FROM stdin;
\.


--
-- Data for Name: checklists; Type: TABLE DATA; Schema: public; Owner: postgres
--

COPY public.checklists (id, practice_id, name, frequency_in_days, created_at, updated_at) FROM stdin;
\.


--
-- Data for Name: context_documents; Type: TABLE DATA; Schema: public; Owner: postgres
--

COPY public.context_documents (id, pdf, created_at, updated_at) FROM stdin;
\.


--
-- Data for Name: courses; Type: TABLE DATA; Schema: public; Owner: postgres
--

COPY public.courses (id, title, listing_image, pace_logo, learning_objectives, description, agd_subject_code, release_date, expiry_date, review_date, instructor_id, price, course_availability, learning_method, is_published, hardware_requirement_title, hardware_requirement_description, created_at, updated_at) FROM stdin;
1	C1	\N	\N	\N	D1	\N	\N	\N	\N	\N	0	\N	\N	1	\N	\N	2026-06-24 18:46:35.295981	2026-06-24 18:46:35.295981
\.


--
-- Data for Name: incidents; Type: TABLE DATA; Schema: public; Owner: postgres
--

COPY public.incidents (id, practice_id, description, severity, status, reported_by, occurred_at, created_at, updated_at) FROM stdin;
\.


--
-- Data for Name: inspections; Type: TABLE DATA; Schema: public; Owner: postgres
--

COPY public.inspections (id, machine_id, tenure_start_date, tenure_end_date, locked_at, report, created_at, updated_at) FROM stdin;
\.


--
-- Data for Name: instructors; Type: TABLE DATA; Schema: public; Owner: postgres
--

COPY public.instructors (id, name, description, image, created_at, updated_at) FROM stdin;
\.


--
-- Data for Name: learner_block_progress; Type: TABLE DATA; Schema: public; Owner: postgres
--

COPY public.learner_block_progress (id, practice_id, learner_id, block_id, current_watched_duration, max_watched_duration, current_pdf_page, max_pdf_page, created_at, updated_at) FROM stdin;
1	1	1	1	0	0	39	39	2026-06-24 18:49:10.724372	2026-06-24 18:49:16.403599
\.


--
-- Data for Name: learners_enrollment; Type: TABLE DATA; Schema: public; Owner: postgres
--

COPY public.learners_enrollment (id, practice_id, learner_id, course_id, is_revoked, enrolled_at, completed_at, expires_at, created_at, updated_at) FROM stdin;
1	1	1	1	f	2026-06-24 18:48:48.625891	2026-06-24	2027-06-24	2026-06-24 18:48:48.625891	2026-06-24 18:53:49.102543
\.


--
-- Data for Name: learners_timeline; Type: TABLE DATA; Schema: public; Owner: postgres
--

COPY public.learners_timeline (id, learner_id, practice_id, event_type, description, created_by, created_at, updated_at) FROM stdin;
1	1	1	course_completed	completed the course C1	\N	2026-06-24 18:53:49.119536	2026-06-24 18:53:49.119536
\.


--
-- Data for Name: lesson_blocks; Type: TABLE DATA; Schema: public; Owner: postgres
--

COPY public.lesson_blocks (id, lesson_id, type, order_index, content, created_at, updated_at) FROM stdin;
1	1	pdf	1	{"name":"EMPLOYEE-MANUAL-Final-2026.pdf","key":"course/1/content/35010ec2-ac21-4ea3-a600-d20f6edc5a78-EMPLOYEE-MANUAL-Final-2026.pdf","total_pages":39}	2026-06-24 18:48:07.916152	2026-06-24 18:48:07.916152
\.


--
-- Data for Name: lessons; Type: TABLE DATA; Schema: public; Owner: postgres
--

COPY public.lessons (id, course_id, title, description, order_index, duration_in_minutes, created_at, updated_at) FROM stdin;
1	1	L!		0	0	2026-06-24 18:48:04.018712	2026-06-24 18:48:04.018712
\.


--
-- Data for Name: migrations; Type: TABLE DATA; Schema: public; Owner: postgres
--

COPY public.migrations (id, "timestamp", name) FROM stdin;
1	1710000000000	CreateUsersTable1710000000000
2	1710000000000	CreateInspectionsTable1710000000000
3	1710000000002	CreateRoleUserTable1710000000002
4	1710000000002	CreatePracticesTable1710000000002
5	1717310000000	CreateXRayMachinesTable1717310000000
6	1717310000001	CreatePracticesPurchasedCourses1717310000001
7	1749999999999	CreateQuizzesTable1749999999999
8	1749999999999	CreateProductsTable1749999999999
9	1749999999999	CreateCategoriesTable1749999999999
10	1749999999999	CreateActivityLogsTable1749999999999
11	1750000000000	CreateQuizSubmissions1750000000000
12	1775487527986	CreateLearnersTimeline1775487527986
13	1775487527986	CreateLearnersEnrollment1775487527986
14	1775487527987	CreateRolesTable1775487527987
15	1775487527987	CreateInstructorsTable1775487527987
16	1775487527987	CreateIncidentsTable1775487527987
17	1775487527987	CreateCoursesTable1775487527987
18	1775487527987	CreateContextDocumentsTable1775487527987
19	1775487527987	CreateChatbotConversationsTable1775487527987
20	1775487527987	CreateCertificatesTable1775487527987
21	1775487527987	CreateCertificatesAllocationsTable1775487527987
22	1775487527988	CreateLessonsTable1775487527988
23	1775487527989	CreateLessonBlocksTable1775487527989
24	1775487527990	CreateLearnerBlockProgressTable1775487527990
25	1775489000000	CreatePermissionsAndRolePermissions1775489000000
26	1775489900000	CreateChecklistTasks1775489900000
27	1775489900000	CreateChecklists1775489900000
28	1775489900000	CreateChecklistAssignments1775489900000
29	1775489900000	AddPracticeIdToRoles1775489900000
30	1775489900000	AddDescriptionToRoles1775489900000
31	1775637974496	CreateModulesTable1775637974496
\.


--
-- Data for Name: modules; Type: TABLE DATA; Schema: public; Owner: postgres
--

COPY public.modules (id, name, created_at, updated_at) FROM stdin;
1	users	2026-06-24 18:40:23.433067	2026-06-24 18:40:23.433067
2	courses	2026-06-24 18:40:23.438488	2026-06-24 18:40:23.438488
3	roles	2026-06-24 18:40:23.439527	2026-06-24 18:40:23.439527
4	practices	2026-06-24 18:40:23.440374	2026-06-24 18:40:23.440374
5	instructors	2026-06-24 18:40:23.441383	2026-06-24 18:40:23.441383
6	xray_machines	2026-06-24 18:40:23.442303	2026-06-24 18:40:23.442303
7	incidents	2026-06-24 18:40:23.443034	2026-06-24 18:40:23.443034
8	checklists	2026-06-24 18:40:23.443899	2026-06-24 18:40:23.443899
9	manuals	2026-06-24 18:40:23.444632	2026-06-24 18:40:23.444632
\.


--
-- Data for Name: permissions; Type: TABLE DATA; Schema: public; Owner: postgres
--

COPY public.permissions (id, title, description, module_id, admin_only, name, created_at, updated_at) FROM stdin;
1	View Users	\N	1	0	users.view	2026-06-24 18:40:29.894671	2026-06-24 18:40:29.894671
2	Create Users	\N	1	0	users.create	2026-06-24 18:40:29.909076	2026-06-24 18:40:29.909076
3	Update Users	\N	1	0	users.update	2026-06-24 18:40:29.910358	2026-06-24 18:40:29.910358
4	Delete Users	\N	1	0	users.delete	2026-06-24 18:40:29.911427	2026-06-24 18:40:29.911427
5	View Courses	\N	2	0	courses.view	2026-06-24 18:40:29.9125	2026-06-24 18:40:29.9125
6	Create Courses	\N	2	0	courses.create	2026-06-24 18:40:29.913323	2026-06-24 18:40:29.913323
7	Update Courses	\N	2	0	courses.update	2026-06-24 18:40:29.914275	2026-06-24 18:40:29.914275
8	Delete Courses	\N	2	0	courses.delete	2026-06-24 18:40:29.915162	2026-06-24 18:40:29.915162
9	Publish Courses	\N	2	0	courses.publish	2026-06-24 18:40:29.915964	2026-06-24 18:40:29.915964
10	Draft Courses	\N	2	0	courses.draft	2026-06-24 18:40:29.916789	2026-06-24 18:40:29.916789
11	Buy Courses	\N	2	0	courses.buy	2026-06-24 18:40:29.917616	2026-06-24 18:40:29.917616
12	Allocate Courses	\N	2	0	courses.allocate	2026-06-24 18:40:29.91842	2026-06-24 18:40:29.91842
13	View Roles	\N	3	0	roles.view	2026-06-24 18:40:29.919191	2026-06-24 18:40:29.919191
14	Create Roles	\N	3	0	roles.create	2026-06-24 18:40:29.920014	2026-06-24 18:40:29.920014
15	Update Roles	\N	3	0	roles.update	2026-06-24 18:40:29.920932	2026-06-24 18:40:29.920932
16	Delete Roles	\N	3	0	roles.delete	2026-06-24 18:40:29.921704	2026-06-24 18:40:29.921704
17	View Practices	\N	4	0	practices.view	2026-06-24 18:40:29.922655	2026-06-24 18:40:29.922655
18	Create Practices	\N	4	1	practices.create	2026-06-24 18:40:29.92349	2026-06-24 18:40:29.92349
19	Update Practices	\N	4	1	practices.update	2026-06-24 18:40:29.924414	2026-06-24 18:40:29.924414
20	Delete Practices	\N	4	0	practices.delete	2026-06-24 18:40:29.925186	2026-06-24 18:40:29.925186
21	View Instructors	\N	5	1	instructors.view	2026-06-24 18:40:29.925997	2026-06-24 18:40:29.925997
22	Create Instructors	\N	5	1	instructors.create	2026-06-24 18:40:29.926792	2026-06-24 18:40:29.926792
23	Update Instructors	\N	5	1	instructors.update	2026-06-24 18:40:29.927561	2026-06-24 18:40:29.927561
24	Delete Instructors	\N	5	1	instructors.delete	2026-06-24 18:40:29.928354	2026-06-24 18:40:29.928354
25	View X-Ray Machines	\N	6	0	xray_machines.view	2026-06-24 18:40:29.929164	2026-06-24 18:40:29.929164
26	Create X-Ray Machines	\N	6	0	xray_machines.create	2026-06-24 18:40:29.929889	2026-06-24 18:40:29.929889
27	Update X-Ray Machines	\N	6	0	xray_machines.update	2026-06-24 18:40:29.930733	2026-06-24 18:40:29.930733
28	Delete X-Ray Machines	\N	6	0	xray_machines.delete	2026-06-24 18:40:29.931563	2026-06-24 18:40:29.931563
29	Resolve Incidents	\N	7	0	incidents.resolve	2026-06-24 18:40:29.932289	2026-06-24 18:40:29.932289
30	Create Checklists	\N	8	0	checklists.create	2026-06-24 18:40:29.933091	2026-06-24 18:40:29.933091
31	Update Checklists	\N	8	0	checklists.update	2026-06-24 18:40:29.934004	2026-06-24 18:40:29.934004
32	Create Manuals	\N	9	0	manuals.create	2026-06-24 18:40:29.934801	2026-06-24 18:40:29.934801
\.


--
-- Data for Name: practices; Type: TABLE DATA; Schema: public; Owner: postgres
--

COPY public.practices (id, abbreviated_name, legal_name, primary_email, phone_no, city, state, postal_code, country, start_date, xray_registration_certificate_due_date, xray_registration_certificate_no, laser_registration_certificate_due_date, laser_registration_certificate_no, timezone, addresses, additional_emails, websites, domain_name, logo, color_theme, created_at, updated_at) FROM stdin;
1	tp1	TP1	tp1@gmail.com	\N					2026-06-24	\N	\N	\N	\N	\N	\N	\N	\N	tp1	\N	\N	2026-06-24 18:46:25.352939	2026-06-24 18:46:25.352939
\.


--
-- Data for Name: practices_purchased_courses; Type: TABLE DATA; Schema: public; Owner: postgres
--

COPY public.practices_purchased_courses (id, course_id, practice_id, seats, purchased_at, created_at, updated_at) FROM stdin;
1	1	1	4	2026-06-24 18:47:06.087388	2026-06-24 18:47:06.087388	2026-06-24 18:47:06.087388
\.


--
-- Data for Name: products; Type: TABLE DATA; Schema: public; Owner: postgres
--

COPY public.products (id, category_id, name, banner_image, type, description, old_price, price, is_on_sale, sale_discount_percentage, min_order_qty, max_order_qty, large_description, is_active, created_at, updated_at) FROM stdin;
\.


--
-- Data for Name: quiz_submissions; Type: TABLE DATA; Schema: public; Owner: postgres
--

COPY public.quiz_submissions (id, quiz_id, practice_id, learner_id, correct_ans, total_questions, status, submitted_at, created_at, updated_at) FROM stdin;
\.


--
-- Data for Name: quizzes; Type: TABLE DATA; Schema: public; Owner: postgres
--

COPY public.quizzes (id, course_id, name, duration_in_minutes, passing_percentage, order_index, questions, created_at, updated_at) FROM stdin;
\.


--
-- Data for Name: role_permissions; Type: TABLE DATA; Schema: public; Owner: postgres
--

COPY public.role_permissions (role_id, permission_id) FROM stdin;
1	1
1	2
1	3
1	4
1	5
1	6
1	7
1	8
1	9
1	10
1	11
1	12
1	13
1	14
1	15
1	16
1	17
1	18
1	19
1	20
1	21
1	22
1	23
1	24
1	25
1	26
1	27
1	28
1	29
1	30
1	31
1	32
2	5
2	6
2	7
2	8
2	9
2	10
2	11
2	12
2	1
2	2
2	3
2	4
2	17
2	19
2	13
2	14
2	15
2	16
2	25
2	26
2	27
2	28
2	29
2	30
2	31
\.


--
-- Data for Name: role_user; Type: TABLE DATA; Schema: public; Owner: postgres
--

COPY public.role_user (user_id, role_id, practice_id) FROM stdin;
1	1	0
1	2	1
1	3	1
\.


--
-- Data for Name: roles; Type: TABLE DATA; Schema: public; Owner: postgres
--

COPY public.roles (id, name, created_at, updated_at, created_by_practice_id, description) FROM stdin;
1	admin	2026-06-24 18:40:29.935628	2026-06-24 18:40:29.935628	-1	System administrator with full access
2	owner	2026-06-24 18:40:29.937272	2026-06-24 18:40:29.937272	-1	Practice owner with limited access
3	learner	2026-06-24 18:40:29.937713	2026-06-24 18:40:29.937713	-1	Access to learner dashboard
\.


--
-- Data for Name: users; Type: TABLE DATA; Schema: public; Owner: postgres
--

COPY public.users (id, first_name, last_name, full_name, email, password, fcm_token, phone_no, created_at, updated_at) FROM stdin;
1	Admin	User	\N	admin@admin.com	$2b$10$HLgJiPSHipTpdm0Db2RLMuS4jh.OIYT9WhQeGS6X35ENvnCnU3aJW	\N	\N	2026-06-24 18:40:36.106635	2026-06-24 18:40:36.106635
\.


--
-- Data for Name: x_ray_machines; Type: TABLE DATA; Schema: public; Owner: postgres
--

COPY public.x_ray_machines (id, created_at, updated_at, practice_id, name, make, model, serial_number, cbct, field, last_epe_date, next_epe_due, notes) FROM stdin;
\.


--
-- Name: activity_logs_id_seq; Type: SEQUENCE SET; Schema: public; Owner: postgres
--

SELECT pg_catalog.setval('public.activity_logs_id_seq', 1, false);


--
-- Name: categories_id_seq; Type: SEQUENCE SET; Schema: public; Owner: postgres
--

SELECT pg_catalog.setval('public.categories_id_seq', 1, false);


--
-- Name: certificates_allocations_id_seq; Type: SEQUENCE SET; Schema: public; Owner: postgres
--

SELECT pg_catalog.setval('public.certificates_allocations_id_seq', 1, false);


--
-- Name: certificates_id_seq; Type: SEQUENCE SET; Schema: public; Owner: postgres
--

SELECT pg_catalog.setval('public.certificates_id_seq', 1, false);


--
-- Name: chatbot_conversations_id_seq; Type: SEQUENCE SET; Schema: public; Owner: postgres
--

SELECT pg_catalog.setval('public.chatbot_conversations_id_seq', 1, false);


--
-- Name: checklist_assignments_id_seq; Type: SEQUENCE SET; Schema: public; Owner: postgres
--

SELECT pg_catalog.setval('public.checklist_assignments_id_seq', 1, false);


--
-- Name: checklist_tasks_id_seq; Type: SEQUENCE SET; Schema: public; Owner: postgres
--

SELECT pg_catalog.setval('public.checklist_tasks_id_seq', 1, false);


--
-- Name: checklists_id_seq; Type: SEQUENCE SET; Schema: public; Owner: postgres
--

SELECT pg_catalog.setval('public.checklists_id_seq', 1, false);


--
-- Name: context_documents_id_seq; Type: SEQUENCE SET; Schema: public; Owner: postgres
--

SELECT pg_catalog.setval('public.context_documents_id_seq', 1, false);


--
-- Name: courses_id_seq; Type: SEQUENCE SET; Schema: public; Owner: postgres
--

SELECT pg_catalog.setval('public.courses_id_seq', 1, true);


--
-- Name: incidents_id_seq; Type: SEQUENCE SET; Schema: public; Owner: postgres
--

SELECT pg_catalog.setval('public.incidents_id_seq', 1, false);


--
-- Name: inspections_id_seq; Type: SEQUENCE SET; Schema: public; Owner: postgres
--

SELECT pg_catalog.setval('public.inspections_id_seq', 1, false);


--
-- Name: instructors_id_seq; Type: SEQUENCE SET; Schema: public; Owner: postgres
--

SELECT pg_catalog.setval('public.instructors_id_seq', 1, false);


--
-- Name: learner_block_progress_id_seq; Type: SEQUENCE SET; Schema: public; Owner: postgres
--

SELECT pg_catalog.setval('public.learner_block_progress_id_seq', 1, true);


--
-- Name: learners_enrollment_id_seq; Type: SEQUENCE SET; Schema: public; Owner: postgres
--

SELECT pg_catalog.setval('public.learners_enrollment_id_seq', 1, true);


--
-- Name: learners_timeline_id_seq; Type: SEQUENCE SET; Schema: public; Owner: postgres
--

SELECT pg_catalog.setval('public.learners_timeline_id_seq', 1, true);


--
-- Name: lesson_blocks_id_seq; Type: SEQUENCE SET; Schema: public; Owner: postgres
--

SELECT pg_catalog.setval('public.lesson_blocks_id_seq', 1, true);


--
-- Name: lessons_id_seq; Type: SEQUENCE SET; Schema: public; Owner: postgres
--

SELECT pg_catalog.setval('public.lessons_id_seq', 1, true);


--
-- Name: migrations_id_seq; Type: SEQUENCE SET; Schema: public; Owner: postgres
--

SELECT pg_catalog.setval('public.migrations_id_seq', 31, true);


--
-- Name: modules_id_seq; Type: SEQUENCE SET; Schema: public; Owner: postgres
--

SELECT pg_catalog.setval('public.modules_id_seq', 9, true);


--
-- Name: permissions_id_seq; Type: SEQUENCE SET; Schema: public; Owner: postgres
--

SELECT pg_catalog.setval('public.permissions_id_seq', 32, true);


--
-- Name: practices_id_seq; Type: SEQUENCE SET; Schema: public; Owner: postgres
--

SELECT pg_catalog.setval('public.practices_id_seq', 1, true);


--
-- Name: practices_purchased_courses_id_seq; Type: SEQUENCE SET; Schema: public; Owner: postgres
--

SELECT pg_catalog.setval('public.practices_purchased_courses_id_seq', 1, true);


--
-- Name: products_id_seq; Type: SEQUENCE SET; Schema: public; Owner: postgres
--

SELECT pg_catalog.setval('public.products_id_seq', 1, false);


--
-- Name: quiz_submissions_id_seq; Type: SEQUENCE SET; Schema: public; Owner: postgres
--

SELECT pg_catalog.setval('public.quiz_submissions_id_seq', 1, false);


--
-- Name: quizzes_id_seq; Type: SEQUENCE SET; Schema: public; Owner: postgres
--

SELECT pg_catalog.setval('public.quizzes_id_seq', 1, false);


--
-- Name: roles_id_seq; Type: SEQUENCE SET; Schema: public; Owner: postgres
--

SELECT pg_catalog.setval('public.roles_id_seq', 3, true);


--
-- Name: users_id_seq; Type: SEQUENCE SET; Schema: public; Owner: postgres
--

SELECT pg_catalog.setval('public.users_id_seq', 1, true);


--
-- Name: x_ray_machines_id_seq; Type: SEQUENCE SET; Schema: public; Owner: postgres
--

SELECT pg_catalog.setval('public.x_ray_machines_id_seq', 1, false);


--
-- Name: products PK_0806c755e0aca124e67c0cf6d7d; Type: CONSTRAINT; Schema: public; Owner: postgres
--

ALTER TABLE ONLY public.products
    ADD CONSTRAINT "PK_0806c755e0aca124e67c0cf6d7d" PRIMARY KEY (id);


--
-- Name: categories PK_24dbc6126a28ff948da33e97d3b; Type: CONSTRAINT; Schema: public; Owner: postgres
--

ALTER TABLE ONLY public.categories
    ADD CONSTRAINT "PK_24dbc6126a28ff948da33e97d3b" PRIMARY KEY (id);


--
-- Name: role_permissions PK_25d24010f53bb80b78e412c9656; Type: CONSTRAINT; Schema: public; Owner: postgres
--

ALTER TABLE ONLY public.role_permissions
    ADD CONSTRAINT "PK_25d24010f53bb80b78e412c9656" PRIMARY KEY (role_id, permission_id);


--
-- Name: learners_timeline PK_273a076077ce1c1d3501f8f65a6; Type: CONSTRAINT; Schema: public; Owner: postgres
--

ALTER TABLE ONLY public.learners_timeline
    ADD CONSTRAINT "PK_273a076077ce1c1d3501f8f65a6" PRIMARY KEY (id);


--
-- Name: learners_enrollment PK_28707bd00f16f2aca1d8dd21563; Type: CONSTRAINT; Schema: public; Owner: postgres
--

ALTER TABLE ONLY public.learners_enrollment
    ADD CONSTRAINT "PK_28707bd00f16f2aca1d8dd21563" PRIMARY KEY (id);


--
-- Name: checklists PK_336ade2047f3d713e1afa20d2c6; Type: CONSTRAINT; Schema: public; Owner: postgres
--

ALTER TABLE ONLY public.checklists
    ADD CONSTRAINT "PK_336ade2047f3d713e1afa20d2c6" PRIMARY KEY (id);


--
-- Name: courses PK_3f70a487cc718ad8eda4e6d58c9; Type: CONSTRAINT; Schema: public; Owner: postgres
--

ALTER TABLE ONLY public.courses
    ADD CONSTRAINT "PK_3f70a487cc718ad8eda4e6d58c9" PRIMARY KEY (id);


--
-- Name: role_user PK_6ad569872f68a83d484eb1bad19; Type: CONSTRAINT; Schema: public; Owner: postgres
--

ALTER TABLE ONLY public.role_user
    ADD CONSTRAINT "PK_6ad569872f68a83d484eb1bad19" PRIMARY KEY (user_id, role_id, practice_id);


--
-- Name: x_ray_machines PK_78d50f52e8b5c1ba0a177b65fa6; Type: CONSTRAINT; Schema: public; Owner: postgres
--

ALTER TABLE ONLY public.x_ray_machines
    ADD CONSTRAINT "PK_78d50f52e8b5c1ba0a177b65fa6" PRIMARY KEY (id);


--
-- Name: modules PK_7dbefd488bd96c5bf31f0ce0c95; Type: CONSTRAINT; Schema: public; Owner: postgres
--

ALTER TABLE ONLY public.modules
    ADD CONSTRAINT "PK_7dbefd488bd96c5bf31f0ce0c95" PRIMARY KEY (id);


--
-- Name: migrations PK_8c82d7f526340ab734260ea46be; Type: CONSTRAINT; Schema: public; Owner: postgres
--

ALTER TABLE ONLY public.migrations
    ADD CONSTRAINT "PK_8c82d7f526340ab734260ea46be" PRIMARY KEY (id);


--
-- Name: permissions PK_920331560282b8bd21bb02290df; Type: CONSTRAINT; Schema: public; Owner: postgres
--

ALTER TABLE ONLY public.permissions
    ADD CONSTRAINT "PK_920331560282b8bd21bb02290df" PRIMARY KEY (id);


--
-- Name: instructors PK_95e3da69ca76176ea4ab8435098; Type: CONSTRAINT; Schema: public; Owner: postgres
--

ALTER TABLE ONLY public.instructors
    ADD CONSTRAINT "PK_95e3da69ca76176ea4ab8435098" PRIMARY KEY (id);


--
-- Name: context_documents PK_96a3ae7e3d286193a66f8a14506; Type: CONSTRAINT; Schema: public; Owner: postgres
--

ALTER TABLE ONLY public.context_documents
    ADD CONSTRAINT "PK_96a3ae7e3d286193a66f8a14506" PRIMARY KEY (id);


--
-- Name: lessons PK_9b9a8d455cac672d262d7275730; Type: CONSTRAINT; Schema: public; Owner: postgres
--

ALTER TABLE ONLY public.lessons
    ADD CONSTRAINT "PK_9b9a8d455cac672d262d7275730" PRIMARY KEY (id);


--
-- Name: users PK_a3ffb1c0c8416b9fc6f907b7433; Type: CONSTRAINT; Schema: public; Owner: postgres
--

ALTER TABLE ONLY public.users
    ADD CONSTRAINT "PK_a3ffb1c0c8416b9fc6f907b7433" PRIMARY KEY (id);


--
-- Name: inspections PK_a484980015782324454d8c88abe; Type: CONSTRAINT; Schema: public; Owner: postgres
--

ALTER TABLE ONLY public.inspections
    ADD CONSTRAINT "PK_a484980015782324454d8c88abe" PRIMARY KEY (id);


--
-- Name: certificates_allocations PK_a836eb666f6d3600effbfd2e499; Type: CONSTRAINT; Schema: public; Owner: postgres
--

ALTER TABLE ONLY public.certificates_allocations
    ADD CONSTRAINT "PK_a836eb666f6d3600effbfd2e499" PRIMARY KEY (id);


--
-- Name: checklist_assignments PK_afdf88515f8c40789371d29889f; Type: CONSTRAINT; Schema: public; Owner: postgres
--

ALTER TABLE ONLY public.checklist_assignments
    ADD CONSTRAINT "PK_afdf88515f8c40789371d29889f" PRIMARY KEY (id);


--
-- Name: chatbot_conversations PK_b0b9e3727249e6c93ac30c14bca; Type: CONSTRAINT; Schema: public; Owner: postgres
--

ALTER TABLE ONLY public.chatbot_conversations
    ADD CONSTRAINT "PK_b0b9e3727249e6c93ac30c14bca" PRIMARY KEY (id);


--
-- Name: quizzes PK_b24f0f7662cf6b3a0e7dba0a1b4; Type: CONSTRAINT; Schema: public; Owner: postgres
--

ALTER TABLE ONLY public.quizzes
    ADD CONSTRAINT "PK_b24f0f7662cf6b3a0e7dba0a1b4" PRIMARY KEY (id);


--
-- Name: roles PK_c1433d71a4838793a49dcad46ab; Type: CONSTRAINT; Schema: public; Owner: postgres
--

ALTER TABLE ONLY public.roles
    ADD CONSTRAINT "PK_c1433d71a4838793a49dcad46ab" PRIMARY KEY (id);


--
-- Name: practices_purchased_courses PK_c73abbaabf05719ec01dbe084fa; Type: CONSTRAINT; Schema: public; Owner: postgres
--

ALTER TABLE ONLY public.practices_purchased_courses
    ADD CONSTRAINT "PK_c73abbaabf05719ec01dbe084fa" PRIMARY KEY (id);


--
-- Name: incidents PK_ccb34c01719889017e2246469f9; Type: CONSTRAINT; Schema: public; Owner: postgres
--

ALTER TABLE ONLY public.incidents
    ADD CONSTRAINT "PK_ccb34c01719889017e2246469f9" PRIMARY KEY (id);


--
-- Name: lesson_blocks PK_d005980e9101826f9a92fffa4ae; Type: CONSTRAINT; Schema: public; Owner: postgres
--

ALTER TABLE ONLY public.lesson_blocks
    ADD CONSTRAINT "PK_d005980e9101826f9a92fffa4ae" PRIMARY KEY (id);


--
-- Name: quiz_submissions PK_e3fd96789b070c28b7aeeb2c32c; Type: CONSTRAINT; Schema: public; Owner: postgres
--

ALTER TABLE ONLY public.quiz_submissions
    ADD CONSTRAINT "PK_e3fd96789b070c28b7aeeb2c32c" PRIMARY KEY (id);


--
-- Name: certificates PK_e4c7e31e2144300bea7d89eb165; Type: CONSTRAINT; Schema: public; Owner: postgres
--

ALTER TABLE ONLY public.certificates
    ADD CONSTRAINT "PK_e4c7e31e2144300bea7d89eb165" PRIMARY KEY (id);


--
-- Name: activity_logs PK_f25287b6140c5ba18d38776a796; Type: CONSTRAINT; Schema: public; Owner: postgres
--

ALTER TABLE ONLY public.activity_logs
    ADD CONSTRAINT "PK_f25287b6140c5ba18d38776a796" PRIMARY KEY (id);


--
-- Name: checklist_tasks PK_f63da8740c5aea17102761665ae; Type: CONSTRAINT; Schema: public; Owner: postgres
--

ALTER TABLE ONLY public.checklist_tasks
    ADD CONSTRAINT "PK_f63da8740c5aea17102761665ae" PRIMARY KEY (id);


--
-- Name: learner_block_progress PK_fd5e9f6c5b4dff5e9e9ab0bd9f8; Type: CONSTRAINT; Schema: public; Owner: postgres
--

ALTER TABLE ONLY public.learner_block_progress
    ADD CONSTRAINT "PK_fd5e9f6c5b4dff5e9e9ab0bd9f8" PRIMARY KEY (id);


--
-- Name: permissions UQ_48ce552495d14eae9b187bb6716; Type: CONSTRAINT; Schema: public; Owner: postgres
--

ALTER TABLE ONLY public.permissions
    ADD CONSTRAINT "UQ_48ce552495d14eae9b187bb6716" UNIQUE (name);


--
-- Name: permissions UQ_70a7ef38a152b254914c868cc94; Type: CONSTRAINT; Schema: public; Owner: postgres
--

ALTER TABLE ONLY public.permissions
    ADD CONSTRAINT "UQ_70a7ef38a152b254914c868cc94" UNIQUE (title);


--
-- Name: users UQ_97672ac88f789774dd47f7c8be3; Type: CONSTRAINT; Schema: public; Owner: postgres
--

ALTER TABLE ONLY public.users
    ADD CONSTRAINT "UQ_97672ac88f789774dd47f7c8be3" UNIQUE (email);


--
-- Name: practices practices_domain_name_key; Type: CONSTRAINT; Schema: public; Owner: postgres
--

ALTER TABLE ONLY public.practices
    ADD CONSTRAINT practices_domain_name_key UNIQUE (domain_name);


--
-- Name: practices practices_pkey; Type: CONSTRAINT; Schema: public; Owner: postgres
--

ALTER TABLE ONLY public.practices
    ADD CONSTRAINT practices_pkey PRIMARY KEY (id);


--
-- Name: IDX_ROLE_PERMISSIONS_PERMISSION_ID; Type: INDEX; Schema: public; Owner: postgres
--

CREATE INDEX "IDX_ROLE_PERMISSIONS_PERMISSION_ID" ON public.role_permissions USING btree (permission_id);


--
-- Name: IDX_ROLE_PERMISSIONS_ROLE_ID; Type: INDEX; Schema: public; Owner: postgres
--

CREATE INDEX "IDX_ROLE_PERMISSIONS_ROLE_ID" ON public.role_permissions USING btree (role_id);


--
-- Name: IDX_ROLE_USER_PRACTICE_ID; Type: INDEX; Schema: public; Owner: postgres
--

CREATE INDEX "IDX_ROLE_USER_PRACTICE_ID" ON public.role_user USING btree (practice_id);


--
-- Name: IDX_ROLE_USER_ROLE_ID; Type: INDEX; Schema: public; Owner: postgres
--

CREATE INDEX "IDX_ROLE_USER_ROLE_ID" ON public.role_user USING btree (role_id);


--
-- Name: IDX_ROLE_USER_USER_ID; Type: INDEX; Schema: public; Owner: postgres
--

CREATE INDEX "IDX_ROLE_USER_USER_ID" ON public.role_user USING btree (user_id);


--
-- Name: learner_block_progress_unique; Type: INDEX; Schema: public; Owner: postgres
--

CREATE UNIQUE INDEX learner_block_progress_unique ON public.learner_block_progress USING btree (learner_id, block_id);


--
-- Name: x_ray_machines FK_145f01f4de56b82bf8a980e1efb; Type: FK CONSTRAINT; Schema: public; Owner: postgres
--

ALTER TABLE ONLY public.x_ray_machines
    ADD CONSTRAINT "FK_145f01f4de56b82bf8a980e1efb" FOREIGN KEY (practice_id) REFERENCES public.practices(id) ON DELETE CASCADE;


--
-- Name: role_permissions FK_17022daf3f885f7d35423e9971e; Type: FK CONSTRAINT; Schema: public; Owner: postgres
--

ALTER TABLE ONLY public.role_permissions
    ADD CONSTRAINT "FK_17022daf3f885f7d35423e9971e" FOREIGN KEY (permission_id) REFERENCES public.permissions(id) ON DELETE CASCADE;


--
-- Name: role_permissions FK_178199805b901ccd220ab7740ec; Type: FK CONSTRAINT; Schema: public; Owner: postgres
--

ALTER TABLE ONLY public.role_permissions
    ADD CONSTRAINT "FK_178199805b901ccd220ab7740ec" FOREIGN KEY (role_id) REFERENCES public.roles(id) ON DELETE CASCADE;


--
-- Name: lesson_blocks FK_17bd50ae4093a4d4a5e36c51a93; Type: FK CONSTRAINT; Schema: public; Owner: postgres
--

ALTER TABLE ONLY public.lesson_blocks
    ADD CONSTRAINT "FK_17bd50ae4093a4d4a5e36c51a93" FOREIGN KEY (lesson_id) REFERENCES public.lessons(id) ON DELETE CASCADE;


--
-- Name: lessons FK_3c4e299cf8ed04093935e2e22fe; Type: FK CONSTRAINT; Schema: public; Owner: postgres
--

ALTER TABLE ONLY public.lessons
    ADD CONSTRAINT "FK_3c4e299cf8ed04093935e2e22fe" FOREIGN KEY (course_id) REFERENCES public.courses(id) ON DELETE CASCADE;


--
-- Name: courses FK_4fdc83dd6b261101401ec259342; Type: FK CONSTRAINT; Schema: public; Owner: postgres
--

ALTER TABLE ONLY public.courses
    ADD CONSTRAINT "FK_4fdc83dd6b261101401ec259342" FOREIGN KEY (instructor_id) REFERENCES public.instructors(id) ON DELETE CASCADE;


--
-- Name: learner_block_progress FK_868f1e2e460758a22f9d2af6da1; Type: FK CONSTRAINT; Schema: public; Owner: postgres
--

ALTER TABLE ONLY public.learner_block_progress
    ADD CONSTRAINT "FK_868f1e2e460758a22f9d2af6da1" FOREIGN KEY (block_id) REFERENCES public.lesson_blocks(id) ON DELETE CASCADE;


--
-- Name: learner_block_progress FK_8d6398a2afc28ace014d2fb8a31; Type: FK CONSTRAINT; Schema: public; Owner: postgres
--

ALTER TABLE ONLY public.learner_block_progress
    ADD CONSTRAINT "FK_8d6398a2afc28ace014d2fb8a31" FOREIGN KEY (learner_id) REFERENCES public.users(id) ON DELETE CASCADE;


--
-- PostgreSQL database dump complete
--

\unrestrict q27duKMTXcnVvtilNx3lpaRVsFxosncu6Xce9ZYqigsqfhfsCsvnVBHeuJCFRGM

